{"cameraMode":{"drawMode":0,"name":"Shaded","section":"Shading Mode"},"sceneLighting":true,"audioPlay":false,"sceneViewState":{"m_AlwaysRefresh":false,"showFog":true,"showSkybox":false,"showFlares":true,"showImageEffects":true,"showParticleSystems":true,"showVisualEffectGraphs":true,"m_FxEnabled":true},"in2DMode":false,"pivot":{"x":-0.07391873002052307,"y":0.15187357366085053,"z":1.0181151628494263},"rotation":{"x":-0.03929968178272247,"y":-0.0009016667609103024,"z":0.00003548027962096967,"w":-0.9992309212684631},"size":0.5388644933700562,"orthographic":false}